{"train/loss": 0.0713, "train/grad_norm": 0.18004512786865234, "train/learning_rate": 0.0, "train/epoch": 3.0, "train/global_step": 318, "_timestamp": 1736695360.7810676, "_runtime": 409.16819167137146, "_step": 7, "eval/loss": 0.31815361976623535, "eval/accuracy": 0.9069767441860465, "eval/f1": 0.9166666666666666, "eval/runtime": 0.2006, "eval/samples_per_second": 214.406, "eval/steps_per_second": 4.986, "train_runtime": 135.0217, "train_samples_per_second": 74.81, "train_steps_per_second": 2.355, "total_flos": 2657684770191360.0, "train_loss": 0.20953950342142358}